{
  "_generated": "Generated by SweetTooth, do not edit",
  "description": "Minimize/unminimize all open windows with a single click.",
  "extension-id": "show-desktop-button",
  "gettext-domain": "show-desktop-button",
  "localedir": "/usr/share/locale",
  "name": "Show Desktop Button",
  "settings-schema": "org.gnome.shell.extensions.show-desktop-button",
  "shell-version": [
    "40"
  ],
  "url": "https://github.com/amivaleo/Show-Desktop-Button",
  "uuid": "show-desktop-button@amivaleo",
  "version": 18
}
