<?xml version="1.0" encoding="UTF-8"?>
<schemalist gettext-domain="show-desktop-button">
  
  <enum id="org.gnome.shell.extensions.show-desktop-button.panel-position">
    <value value="0" nick="LEFT_END"/>
    <value value="1" nick="LEFT"/>
    <value value="2" nick="CENTER"/>
    <value value="3" nick="RIGHT"/>
    <value value="4" nick="RIGHT_END"/>
  </enum>
  
	<schema path="/org/gnome/shell/extensions/show-desktop-button/"
	  id="org.gnome.shell.extensions.show-desktop-button">

		<key name="panel-position"
		  enum="org.gnome.shell.extensions.show-desktop-button.panel-position">
			<default>'RIGHT'</default>
			<summary>Position on panel.</summary>
			<description>Sets the position of the extension on the panel.
			  Possible values are: Left end, Left, Center, Right, Right end.</description>
		</key>

	</schema>
  
</schemalist>
